source_name,source_type,version,snapshot_date,retrieval_date,source_url,citation,license_note,file_path,checksum,row_count
UniProt,protein_metadata,real-derived-family-2026-06,2026-06-12,2026-06-12,https://www.uniprot.org/uniprotkb/,UniProtKB entries P04637 P38398 P60484 P00533 P04626 P01116,UniProt terms apply; compact attribution-preserving fixture,data/snapshots/v0.8_family/raw/uniprot_proteins.csv,354c80b1d39e11184441c13108189b8acb6b70dfd747389dd4b2e0477137869f,6
TrustProtKG,protein_family_metadata,real-derived-family-2026-06,2026-06-12,2026-06-12,data/snapshots/v0.8_family/raw/protein_families.csv,Curated TrustProtKG family labels for v0.8 fixtures,Project documentation fixture,data/snapshots/v0.8_family/raw/protein_families.csv,5f8648e79f64c7c7f7c3e37963f9440c6877200d71bbb4cc2299613d465b452e,3
AlphaFold DB,structure_index,real-derived-family-2026-06,2026-06-12,2026-06-12,https://alphafold.ebi.ac.uk/,AlphaFold DB entries P04637 P38398 P60484 P00533 P04626 P01116,AlphaFold DB terms apply; local compact PDB-style fragments,data/snapshots/v0.8_family/raw/alphafold_structures.csv,1244637f590cc63ab36ff7ab307cc518f8b031b0c84f1db0f5fab57917dbb7eb,6
ClinVar,variant_assertions,real-derived-family-2026-06,2026-06-12,2026-06-12,https://www.ncbi.nlm.nih.gov/clinvar/,ClinVar search records for selected TP53 BRCA1 PTEN EGFR ERBB2 KRAS variants,Attribution to ClinVar requested; compact research fixture,data/snapshots/v0.8_family/raw/clinvar_variants.csv,a8c9ad87f556dcab2fc555dfec47bd52fed8822abe1c7d3ebb3465636f2a8fe6,18
Gene Ontology,go_annotations,real-derived-family-2026-06,2026-06-12,2026-06-12,https://geneontology.org/,GO terms for selected v0.8 proteins,GO data terms apply; compact research fixture,data/snapshots/v0.8_family/raw/go_annotations.csv,d79385f86c47a901ab1d5052ab4917e9f7403fc8533fe5ef4b9044f4ee465870,12
InterPro,domains,real-derived-family-2026-06,2026-06-12,2026-06-12,https://www.ebi.ac.uk/interpro/,InterPro protein pages for selected v0.8 proteins,InterPro EMBL-EBI terms apply; compact research fixture,data/snapshots/v0.8_family/raw/interpro_domains.csv,9850818bd0b9cd18dea0097f0e911acdb68a314185863ea2916fc05460e8ba2b,8
Reactome,pathways,real-derived-family-2026-06,2026-06-12,2026-06-12,https://reactome.org/,Reactome pathways for selected v0.8 proteins,Reactome terms apply; compact research fixture,data/snapshots/v0.8_family/raw/reactome_pathways.csv,38405fae21dee06c37747b6e827dee3b14a545a21246b57bf8cd9a10c8f82533,6
MONDO/OMIM,disease_associations,real-derived-family-2026-06,2026-06-12,2026-06-12,https://mondo.monarchinitiative.org/,MONDO-style disease identifiers for selected v0.8 proteins,Source-specific terms apply; compact research fixture,data/snapshots/v0.8_family/raw/disease_associations.csv,dc9483a7f974bbe7f44db1bb539143910552bab66ae0341500883a784ecd6557,6
AlphaFold DB,structure_file_tp53_real,real-derived-family-2026-06,2026-06-12,2026-06-12,https://alphafold.ebi.ac.uk/entry/P04637,Compact PDB-style TP53 fragment for mapped residues,Local compact fragment with real residue numbering,data/snapshots/v0.8_family/structures/tp53_real_fragment.pdb,0e52da570a29e3b97e1c4f94921cdb1e2a2615dab2312bb7f6be836edae7640d,6
AlphaFold DB,structure_file_brca1_real,real-derived-family-2026-06,2026-06-12,2026-06-12,https://alphafold.ebi.ac.uk/entry/P38398,Compact PDB-style BRCA1 fragment for mapped residues,Local compact fragment with real residue numbering,data/snapshots/v0.8_family/structures/brca1_real_fragment.pdb,acbefa4a57534d7846d72fc29f87707def916ae123b6de10c757055c0b768399,7
AlphaFold DB,structure_file_pten_real,real-derived-family-2026-06,2026-06-12,2026-06-12,https://alphafold.ebi.ac.uk/entry/P60484,Compact PDB-style PTEN fragment for mapped residues,Local compact fragment with real residue numbering,data/snapshots/v0.8_family/structures/pten_real_fragment.pdb,9cc6536daeb72359ef4c86fe5f0e13f71b70f92e10535e018517cd5e630957e3,7
AlphaFold DB,structure_file_egfr_real,real-derived-family-2026-06,2026-06-12,2026-06-12,https://alphafold.ebi.ac.uk/entry/P00533,Compact PDB-style EGFR fragment for mapped residues,Local compact fragment with real residue numbering,data/snapshots/v0.8_family/structures/egfr_real_fragment.pdb,6604dd16a916ba60760c24a906ebef721ad8f59ab749501b2f159ce2d41ca9b8,6
AlphaFold DB,structure_file_erbb2_real,real-derived-family-2026-06,2026-06-12,2026-06-12,https://alphafold.ebi.ac.uk/entry/P04626,Compact PDB-style ERBB2 fragment for mapped residues,Local compact fragment with real residue numbering,data/snapshots/v0.8_family/structures/erbb2_real_fragment.pdb,f71b073e4f665096ca9f765b5ba1a2612d6bd23d79eb8fdf840e0d2881d15526,6
AlphaFold DB,structure_file_kras_real,real-derived-family-2026-06,2026-06-12,2026-06-12,https://alphafold.ebi.ac.uk/entry/P01116,Compact PDB-style KRAS fragment for mapped residues,Local compact fragment with real residue numbering,data/snapshots/v0.8_family/structures/kras_real_fragment.pdb,e7bec103cff0342e0496a52c9966bb7d2b8ab7dc896672f4848d7812590c6b5d,6
TrustProtKG,source_documentation,real-derived-family-2026-06,2026-06-12,2026-06-12,data/snapshots/v0.8_family/SOURCE_DOCUMENTATION.md,Source documentation for v0.8 family-aware real-derived pack,Project documentation fixture,data/snapshots/v0.8_family/SOURCE_DOCUMENTATION.md,6bb59ef7cf12b32887cf77e242f6fee8ac507c3c5f0b64d034460e08fc11a1b4,18
