variant_id,protein_id,chain_id,residue_index,reference_aa,alternate_aa,clinical_label,label_binary,split,source_db,evidence_type,confidence
V_TP53_Y5H,TP53_HUMAN,A,5,Y,H,pathogenic,1,train,ClinVar-style benchmark,toy_curated_assertion,0.86
V_TP53_M1V,TP53_HUMAN,A,1,M,V,benign,0,train,ClinVar-style benchmark,toy_curated_assertion,0.76
V_TP53_K8R,TP53_HUMAN,A,8,K,R,benign,0,test,ClinVar-style benchmark,toy_curated_assertion,0.73
V_BRCA1_L4P,BRCA1_HUMAN,A,4,L,P,pathogenic,1,train,ClinVar-style benchmark,toy_curated_assertion,0.82
V_BRCA1_D6G,BRCA1_HUMAN,A,6,D,G,pathogenic,1,test,ClinVar-style benchmark,toy_curated_assertion,0.79
V_BRCA1_G1S,BRCA1_HUMAN,A,1,G,S,benign,0,train,ClinVar-style benchmark,toy_curated_assertion,0.72
V_PTEN_C4Y,PTEN_HUMAN,A,4,C,Y,pathogenic,1,test,ClinVar-style benchmark,toy_curated_assertion,0.84
V_PTEN_M1I,PTEN_HUMAN,A,1,M,I,benign,0,train,ClinVar-style benchmark,toy_curated_assertion,0.74
V_PTEN_G8S,PTEN_HUMAN,A,8,G,S,benign,0,test,ClinVar-style benchmark,toy_curated_assertion,0.71
