domain_id,protein_id,chain_id,start,end,name,source_db,evidence_type,confidence,review_status,assertion_conflict,annotation_date,evidence_strength,calibrated_confidence,source_record_url,citation
IPR011615,TP53_HUMAN,A,102,292,p53 DNA-binding domain,InterPro real-derived snapshot,InterPro_entry,0.91,interpro_reviewed_entry:InterPro_entry,no_conflict,2024-03-01,strong,0.94,https://www.ebi.ac.uk/interpro/protein/UniProt/P04637/,InterPro protein P04637
IPR001357,BRCA1_HUMAN,A,24,64,BRCA1 RING-type zinc finger,InterPro real-derived snapshot,InterPro_entry,0.89,interpro_reviewed_entry:InterPro_entry,no_conflict,2024-03-02,strong,0.92,https://www.ebi.ac.uk/interpro/protein/UniProt/P38398/,InterPro protein P38398
IPR001357-BRCT,BRCA1_HUMAN,A,1646,1859,BRCA1 BRCT repeat region,InterPro real-derived snapshot,InterPro_entry,0.89,interpro_reviewed_entry:InterPro_entry,no_conflict,2024-03-03,strong,0.92,https://www.ebi.ac.uk/interpro/protein/UniProt/P38398/,InterPro protein P38398
IPR013078,PTEN_HUMAN,A,14,185,PTEN phosphatase domain,InterPro real-derived snapshot,InterPro_entry,0.9,interpro_reviewed_entry:InterPro_entry,no_conflict,2024-03-04,strong,0.93,https://www.ebi.ac.uk/interpro/protein/UniProt/P60484/,InterPro protein P60484
IPR000719,EGFR_HUMAN,A,712,979,Protein kinase domain,InterPro real-derived snapshot,InterPro_entry,0.9,interpro_reviewed_entry:InterPro_entry,no_conflict,2024-03-05,strong,0.93,https://www.ebi.ac.uk/interpro/protein/UniProt/P00533/,InterPro protein P00533
IPR000719,ERBB2_HUMAN,A,720,987,Protein kinase domain,InterPro real-derived snapshot,InterPro_entry,0.9,interpro_reviewed_entry:InterPro_entry,no_conflict,2024-03-06,strong,0.93,https://www.ebi.ac.uk/interpro/protein/UniProt/P04626/,InterPro protein P04626
IPR013783,ERBB2_HUMAN,A,1,620,EGF receptor-like extracellular domain,InterPro real-derived snapshot,InterPro_entry,0.84,interpro_reviewed_entry:InterPro_entry,no_conflict,2024-03-07,moderate,0.798,https://www.ebi.ac.uk/interpro/protein/UniProt/P04626/,InterPro protein P04626
IPR003577,KRAS_HUMAN,A,10,166,Small GTPase superfamily domain,InterPro real-derived snapshot,InterPro_entry,0.91,interpro_reviewed_entry:InterPro_entry,no_conflict,2024-03-08,strong,0.94,https://www.ebi.ac.uk/interpro/protein/UniProt/P01116/,InterPro protein P01116
IPR011009,AKT1_HUMAN,A,150,408,Protein kinase-like domain,InterPro real-derived snapshot,InterPro_entry,0.89,interpro_reviewed_entry:InterPro_entry,no_conflict,2024-03-09,strong,0.92,https://www.ebi.ac.uk/interpro/protein/UniProt/P31749/,InterPro protein P31749
IPR001849,AKT1_HUMAN,A,5,108,PH domain,InterPro real-derived snapshot,InterPro_entry,0.87,interpro_reviewed_entry:InterPro_entry,no_conflict,2024-03-10,moderate,0.826,https://www.ebi.ac.uk/interpro/protein/UniProt/P31749/,InterPro protein P31749
IPR011009,BRAF_HUMAN,A,457,717,Protein kinase-like domain,InterPro real-derived snapshot,InterPro_entry,0.9,interpro_reviewed_entry:InterPro_entry,no_conflict,2024-03-11,strong,0.93,https://www.ebi.ac.uk/interpro/protein/UniProt/P15056/,InterPro protein P15056
IPR003116,BRAF_HUMAN,A,151,232,Raf-like Ras-binding domain,InterPro real-derived snapshot,InterPro_entry,0.86,interpro_reviewed_entry:InterPro_entry,no_conflict,2024-03-12,moderate,0.817,https://www.ebi.ac.uk/interpro/protein/UniProt/P15056/,InterPro protein P15056
