variant_id,protein_id,chain_id,residue_index,reference_aa,alternate_aa,clinical_label,label_binary,split,source_db,evidence_type,confidence,review_status,assertion_conflict,annotation_date,evidence_strength,calibrated_confidence,source_record_url,citation
V_TP53_P72R,TP53_HUMAN,A,72,P,R,benign,0,test,ClinVar real-derived snapshot,clinical_assertion,0.74,no_assertion_criteria_provided,no_conflict,2024-01-01,weak,0.592,https://www.ncbi.nlm.nih.gov/clinvar/?term=TP53%20P72R,ClinVar search TP53 P72R
V_TP53_R175H,TP53_HUMAN,A,175,R,H,pathogenic,1,train,ClinVar real-derived snapshot,clinical_assertion,0.9,reviewed_by_expert_panel_or_multiple_submitters,no_conflict,2024-01-02,strong,0.93,https://www.ncbi.nlm.nih.gov/clinvar/?term=TP53%20R175H,ClinVar search TP53 R175H
V_TP53_R273H,TP53_HUMAN,A,273,R,H,pathogenic,1,train,ClinVar real-derived snapshot,clinical_assertion,0.89,reviewed_by_expert_panel_or_multiple_submitters,no_conflict,2024-01-03,strong,0.92,https://www.ncbi.nlm.nih.gov/clinvar/?term=TP53%20R273H,ClinVar search TP53 R273H
V_BRCA1_C61G,BRCA1_HUMAN,A,61,C,G,pathogenic,1,train,ClinVar real-derived snapshot,clinical_assertion,0.88,reviewed_by_expert_panel_or_multiple_submitters,no_conflict,2024-01-04,strong,0.91,https://www.ncbi.nlm.nih.gov/clinvar/?term=BRCA1%20C61G,ClinVar search BRCA1 C61G
V_BRCA1_K1183R,BRCA1_HUMAN,A,1183,K,R,benign,0,test,ClinVar real-derived snapshot,clinical_assertion,0.72,no_assertion_criteria_provided,no_conflict,2024-01-05,weak,0.576,https://www.ncbi.nlm.nih.gov/clinvar/?term=BRCA1%20K1183R,ClinVar search BRCA1 K1183R
V_BRCA1_M1775R,BRCA1_HUMAN,A,1775,M,R,pathogenic,1,train,ClinVar real-derived snapshot,clinical_assertion,0.86,criteria_provided_single_submitter,no_conflict,2024-01-06,moderate,0.817,https://www.ncbi.nlm.nih.gov/clinvar/?term=BRCA1%20M1775R,ClinVar search BRCA1 M1775R
V_PTEN_G129E,PTEN_HUMAN,A,129,G,E,pathogenic,1,train,ClinVar real-derived snapshot,clinical_assertion,0.86,criteria_provided_single_submitter,no_conflict,2024-01-07,moderate,0.817,https://www.ncbi.nlm.nih.gov/clinvar/?term=PTEN%20G129E,ClinVar search PTEN G129E
V_PTEN_C124S,PTEN_HUMAN,A,124,C,S,pathogenic,1,test,ClinVar real-derived snapshot,clinical_assertion,0.84,criteria_provided_single_submitter,no_conflict,2024-01-08,moderate,0.798,https://www.ncbi.nlm.nih.gov/clinvar/?term=PTEN%20C124S,ClinVar search PTEN C124S
V_PTEN_I135V,PTEN_HUMAN,A,135,I,V,benign,0,test,ClinVar real-derived snapshot,clinical_assertion,0.7,no_assertion_criteria_provided,no_conflict,2024-01-09,weak,0.56,https://www.ncbi.nlm.nih.gov/clinvar/?term=PTEN%20I135V,ClinVar search PTEN I135V
V_EGFR_R521K,EGFR_HUMAN,A,521,R,K,benign,0,train,ClinVar real-derived snapshot,clinical_assertion,0.69,criteria_provided_conflicting_interpretations,conflicting_assertions,2024-01-10,conflicting,0.38,https://www.ncbi.nlm.nih.gov/clinvar/?term=EGFR%20R521K,ClinVar search EGFR R521K
V_EGFR_G719S,EGFR_HUMAN,A,719,G,S,pathogenic,1,train,ClinVar real-derived snapshot,clinical_assertion,0.84,criteria_provided_single_submitter,no_conflict,2024-01-11,moderate,0.798,https://www.ncbi.nlm.nih.gov/clinvar/?term=EGFR%20G719S,ClinVar search EGFR G719S
V_EGFR_L858R,EGFR_HUMAN,A,858,L,R,pathogenic,1,test,ClinVar real-derived snapshot,clinical_assertion,0.88,reviewed_by_expert_panel_or_multiple_submitters,no_conflict,2024-01-12,strong,0.91,https://www.ncbi.nlm.nih.gov/clinvar/?term=EGFR%20L858R,ClinVar search EGFR L858R
V_ERBB2_I655V,ERBB2_HUMAN,A,655,I,V,benign,0,test,ClinVar real-derived snapshot,clinical_assertion,0.66,no_assertion_criteria_provided,no_conflict,2024-01-13,weak,0.528,https://www.ncbi.nlm.nih.gov/clinvar/?term=ERBB2%20I655V,ClinVar search ERBB2 I655V
V_ERBB2_L755S,ERBB2_HUMAN,A,755,L,S,pathogenic,1,train,ClinVar real-derived snapshot,clinical_assertion,0.82,criteria_provided_single_submitter,no_conflict,2024-01-14,moderate,0.779,https://www.ncbi.nlm.nih.gov/clinvar/?term=ERBB2%20L755S,ClinVar search ERBB2 L755S
V_ERBB2_V777L,ERBB2_HUMAN,A,777,V,L,pathogenic,1,train,ClinVar real-derived snapshot,clinical_assertion,0.83,criteria_provided_single_submitter,no_conflict,2024-01-15,moderate,0.788,https://www.ncbi.nlm.nih.gov/clinvar/?term=ERBB2%20V777L,ClinVar search ERBB2 V777L
V_KRAS_G12D,KRAS_HUMAN,A,12,G,D,pathogenic,1,train,ClinVar real-derived snapshot,clinical_assertion,0.9,reviewed_by_expert_panel_or_multiple_submitters,no_conflict,2024-01-16,strong,0.93,https://www.ncbi.nlm.nih.gov/clinvar/?term=KRAS%20G12D,ClinVar search KRAS G12D
V_KRAS_G13D,KRAS_HUMAN,A,13,G,D,pathogenic,1,test,ClinVar real-derived snapshot,clinical_assertion,0.88,reviewed_by_expert_panel_or_multiple_submitters,no_conflict,2024-01-17,strong,0.91,https://www.ncbi.nlm.nih.gov/clinvar/?term=KRAS%20G13D,ClinVar search KRAS G13D
V_KRAS_A59T,KRAS_HUMAN,A,59,A,T,benign,0,train,ClinVar real-derived snapshot,clinical_assertion,0.67,no_assertion_criteria_provided,no_conflict,2024-01-18,weak,0.536,https://www.ncbi.nlm.nih.gov/clinvar/?term=KRAS%20A59T,ClinVar search KRAS A59T
V_AKT1_E17K,AKT1_HUMAN,A,17,E,K,pathogenic,1,train,ClinVar real-derived snapshot,clinical_assertion,0.86,criteria_provided_single_submitter,no_conflict,2024-01-19,moderate,0.817,https://www.ncbi.nlm.nih.gov/clinvar/?term=AKT1%20E17K,ClinVar search AKT1 E17K
V_AKT1_R25C,AKT1_HUMAN,A,25,R,C,pathogenic,1,train,ClinVar real-derived snapshot,clinical_assertion,0.78,criteria_provided_conflicting_interpretations,conflicting_assertions,2024-01-20,conflicting,0.429,https://www.ncbi.nlm.nih.gov/clinvar/?term=AKT1%20R25C,ClinVar search AKT1 R25C
V_AKT1_Q79K,AKT1_HUMAN,A,79,Q,K,benign,0,test,ClinVar real-derived snapshot,clinical_assertion,0.65,no_assertion_criteria_provided,no_conflict,2024-01-21,weak,0.52,https://www.ncbi.nlm.nih.gov/clinvar/?term=AKT1%20Q79K,ClinVar search AKT1 Q79K
V_BRAF_G469E,BRAF_HUMAN,A,469,G,E,pathogenic,1,train,ClinVar real-derived snapshot,clinical_assertion,0.83,criteria_provided_single_submitter,no_conflict,2024-01-22,moderate,0.788,https://www.ncbi.nlm.nih.gov/clinvar/?term=BRAF%20G469E,ClinVar search BRAF G469E
V_BRAF_V600E,BRAF_HUMAN,A,600,V,E,pathogenic,1,test,ClinVar real-derived snapshot,clinical_assertion,0.91,reviewed_by_expert_panel_or_multiple_submitters,no_conflict,2024-01-23,strong,0.94,https://www.ncbi.nlm.nih.gov/clinvar/?term=BRAF%20V600E,ClinVar search BRAF V600E
V_BRAF_P28S,BRAF_HUMAN,A,28,P,S,benign,0,train,ClinVar real-derived snapshot,clinical_assertion,0.64,criteria_provided_conflicting_interpretations,conflicting_assertions,2024-01-24,conflicting,0.352,https://www.ncbi.nlm.nih.gov/clinvar/?term=BRAF%20P28S,ClinVar search BRAF P28S
