variant_id,protein_id,chain_id,residue_index,reference_aa,alternate_aa,clinical_label,label_binary,split,source_db,evidence_type,confidence,review_status,source_record_url,citation
V_TP53_P72R,TP53_HUMAN,A,72,P,R,benign,0,train,ClinVar real-derived snapshot,clinical_assertion,0.74,reviewed_or_reported_in_public_sources,https://www.ncbi.nlm.nih.gov/clinvar/?term=TP53%20P72R,ClinVar search TP53 P72R
V_TP53_R175H,TP53_HUMAN,A,175,R,H,pathogenic,1,train,ClinVar real-derived snapshot,clinical_assertion,0.9,reviewed_or_reported_in_public_sources,https://www.ncbi.nlm.nih.gov/clinvar/?term=TP53%20R175H,ClinVar search TP53 R175H
V_TP53_R273H,TP53_HUMAN,A,273,R,H,pathogenic,1,test,ClinVar real-derived snapshot,clinical_assertion,0.89,reviewed_or_reported_in_public_sources,https://www.ncbi.nlm.nih.gov/clinvar/?term=TP53%20R273H,ClinVar search TP53 R273H
V_BRCA1_C61G,BRCA1_HUMAN,A,61,C,G,pathogenic,1,train,ClinVar real-derived snapshot,clinical_assertion,0.88,reviewed_or_reported_in_public_sources,https://www.ncbi.nlm.nih.gov/clinvar/?term=BRCA1%20C61G,ClinVar search BRCA1 C61G
V_BRCA1_K1183R,BRCA1_HUMAN,A,1183,K,R,benign,0,train,ClinVar real-derived snapshot,clinical_assertion,0.72,reviewed_or_reported_in_public_sources,https://www.ncbi.nlm.nih.gov/clinvar/?term=BRCA1%20K1183R,ClinVar search BRCA1 K1183R
V_BRCA1_M1775R,BRCA1_HUMAN,A,1775,M,R,pathogenic,1,test,ClinVar real-derived snapshot,clinical_assertion,0.86,reviewed_or_reported_in_public_sources,https://www.ncbi.nlm.nih.gov/clinvar/?term=BRCA1%20M1775R,ClinVar search BRCA1 M1775R
V_PTEN_G129E,PTEN_HUMAN,A,129,G,E,pathogenic,1,train,ClinVar real-derived snapshot,clinical_assertion,0.86,reviewed_or_reported_in_public_sources,https://www.ncbi.nlm.nih.gov/clinvar/?term=PTEN%20G129E,ClinVar search PTEN G129E
V_PTEN_C124S,PTEN_HUMAN,A,124,C,S,pathogenic,1,test,ClinVar real-derived snapshot,clinical_assertion,0.84,reviewed_or_reported_in_public_sources,https://www.ncbi.nlm.nih.gov/clinvar/?term=PTEN%20C124S,ClinVar search PTEN C124S
V_PTEN_I135V,PTEN_HUMAN,A,135,I,V,benign,0,test,ClinVar real-derived snapshot,clinical_assertion,0.7,reviewed_or_reported_in_public_sources,https://www.ncbi.nlm.nih.gov/clinvar/?term=PTEN%20I135V,ClinVar search PTEN I135V
V_EGFR_R521K,EGFR_HUMAN,A,521,R,K,benign,0,train,ClinVar real-derived snapshot,clinical_assertion,0.69,reviewed_or_reported_in_public_sources,https://www.ncbi.nlm.nih.gov/clinvar/?term=EGFR%20R521K,ClinVar search EGFR R521K
V_EGFR_G719S,EGFR_HUMAN,A,719,G,S,pathogenic,1,train,ClinVar real-derived snapshot,clinical_assertion,0.84,reviewed_or_reported_in_public_sources,https://www.ncbi.nlm.nih.gov/clinvar/?term=EGFR%20G719S,ClinVar search EGFR G719S
V_EGFR_L858R,EGFR_HUMAN,A,858,L,R,pathogenic,1,test,ClinVar real-derived snapshot,clinical_assertion,0.88,reviewed_or_reported_in_public_sources,https://www.ncbi.nlm.nih.gov/clinvar/?term=EGFR%20L858R,ClinVar search EGFR L858R
V_ERBB2_I655V,ERBB2_HUMAN,A,655,I,V,benign,0,train,ClinVar real-derived snapshot,clinical_assertion,0.66,reviewed_or_reported_in_public_sources,https://www.ncbi.nlm.nih.gov/clinvar/?term=ERBB2%20I655V,ClinVar search ERBB2 I655V
V_ERBB2_L755S,ERBB2_HUMAN,A,755,L,S,pathogenic,1,train,ClinVar real-derived snapshot,clinical_assertion,0.82,reviewed_or_reported_in_public_sources,https://www.ncbi.nlm.nih.gov/clinvar/?term=ERBB2%20L755S,ClinVar search ERBB2 L755S
V_ERBB2_V777L,ERBB2_HUMAN,A,777,V,L,pathogenic,1,test,ClinVar real-derived snapshot,clinical_assertion,0.83,reviewed_or_reported_in_public_sources,https://www.ncbi.nlm.nih.gov/clinvar/?term=ERBB2%20V777L,ClinVar search ERBB2 V777L
V_KRAS_G12D,KRAS_HUMAN,A,12,G,D,pathogenic,1,train,ClinVar real-derived snapshot,clinical_assertion,0.9,reviewed_or_reported_in_public_sources,https://www.ncbi.nlm.nih.gov/clinvar/?term=KRAS%20G12D,ClinVar search KRAS G12D
V_KRAS_G13D,KRAS_HUMAN,A,13,G,D,pathogenic,1,test,ClinVar real-derived snapshot,clinical_assertion,0.88,reviewed_or_reported_in_public_sources,https://www.ncbi.nlm.nih.gov/clinvar/?term=KRAS%20G13D,ClinVar search KRAS G13D
V_KRAS_A59T,KRAS_HUMAN,A,59,A,T,benign,0,train,ClinVar real-derived snapshot,clinical_assertion,0.67,reviewed_or_reported_in_public_sources,https://www.ncbi.nlm.nih.gov/clinvar/?term=KRAS%20A59T,ClinVar search KRAS A59T
