variation_id,accession,entry_name,chain_id,protein_position,reference_aa,alternate_aa,clinical_significance,review_status,split,source_db,evidence_type,confidence,source_record_url,citation
VCV_REAL_TP53_P72R,P04637,TP53_HUMAN,A,72,P,R,benign,reviewed_or_reported_in_public_sources,train,ClinVar real-derived snapshot,clinical_assertion,0.74,https://www.ncbi.nlm.nih.gov/clinvar/?term=TP53%20P72R,ClinVar search TP53 P72R
VCV_REAL_TP53_R175H,P04637,TP53_HUMAN,A,175,R,H,pathogenic,reviewed_or_reported_in_public_sources,train,ClinVar real-derived snapshot,clinical_assertion,0.90,https://www.ncbi.nlm.nih.gov/clinvar/?term=TP53%20R175H,ClinVar search TP53 R175H
VCV_REAL_TP53_R273H,P04637,TP53_HUMAN,A,273,R,H,pathogenic,reviewed_or_reported_in_public_sources,test,ClinVar real-derived snapshot,clinical_assertion,0.89,https://www.ncbi.nlm.nih.gov/clinvar/?term=TP53%20R273H,ClinVar search TP53 R273H
VCV_REAL_BRCA1_C61G,P38398,BRCA1_HUMAN,A,61,C,G,pathogenic,reviewed_or_reported_in_public_sources,train,ClinVar real-derived snapshot,clinical_assertion,0.88,https://www.ncbi.nlm.nih.gov/clinvar/?term=BRCA1%20C61G,ClinVar search BRCA1 C61G
VCV_REAL_BRCA1_K1183R,P38398,BRCA1_HUMAN,A,1183,K,R,benign,reviewed_or_reported_in_public_sources,train,ClinVar real-derived snapshot,clinical_assertion,0.72,https://www.ncbi.nlm.nih.gov/clinvar/?term=BRCA1%20K1183R,ClinVar search BRCA1 K1183R
VCV_REAL_BRCA1_M1775R,P38398,BRCA1_HUMAN,A,1775,M,R,pathogenic,reviewed_or_reported_in_public_sources,test,ClinVar real-derived snapshot,clinical_assertion,0.86,https://www.ncbi.nlm.nih.gov/clinvar/?term=BRCA1%20M1775R,ClinVar search BRCA1 M1775R
VCV_REAL_PTEN_G129E,P60484,PTEN_HUMAN,A,129,G,E,pathogenic,reviewed_or_reported_in_public_sources,train,ClinVar real-derived snapshot,clinical_assertion,0.86,https://www.ncbi.nlm.nih.gov/clinvar/?term=PTEN%20G129E,ClinVar search PTEN G129E
VCV_REAL_PTEN_C124S,P60484,PTEN_HUMAN,A,124,C,S,pathogenic,reviewed_or_reported_in_public_sources,test,ClinVar real-derived snapshot,clinical_assertion,0.84,https://www.ncbi.nlm.nih.gov/clinvar/?term=PTEN%20C124S,ClinVar search PTEN C124S
VCV_REAL_PTEN_I135V,P60484,PTEN_HUMAN,A,135,I,V,benign,reviewed_or_reported_in_public_sources,test,ClinVar real-derived snapshot,clinical_assertion,0.70,https://www.ncbi.nlm.nih.gov/clinvar/?term=PTEN%20I135V,ClinVar search PTEN I135V
