variation_id,accession,entry_name,chain_id,protein_position,reference_aa,alternate_aa,clinical_significance,review_status,split,source_db,evidence_type,confidence
VCV_TP53_Y5H,P04637,TP53_HUMAN,A,5,Y,H,pathogenic,criteria_provided_single_submitter,train,ClinVar snapshot fixture,clinical_assertion,0.86
VCV_TP53_M1V,P04637,TP53_HUMAN,A,1,M,V,benign,criteria_provided_single_submitter,train,ClinVar snapshot fixture,clinical_assertion,0.76
VCV_TP53_K8R,P04637,TP53_HUMAN,A,8,K,R,benign,criteria_provided_single_submitter,test,ClinVar snapshot fixture,clinical_assertion,0.73
VCV_BRCA1_L4P,P38398,BRCA1_HUMAN,A,4,L,P,pathogenic,criteria_provided_single_submitter,train,ClinVar snapshot fixture,clinical_assertion,0.82
VCV_BRCA1_D6G,P38398,BRCA1_HUMAN,A,6,D,G,pathogenic,criteria_provided_single_submitter,test,ClinVar snapshot fixture,clinical_assertion,0.79
VCV_BRCA1_G1S,P38398,BRCA1_HUMAN,A,1,G,S,benign,criteria_provided_single_submitter,train,ClinVar snapshot fixture,clinical_assertion,0.72
VCV_PTEN_C4Y,P60484,PTEN_HUMAN,A,4,C,Y,pathogenic,criteria_provided_single_submitter,test,ClinVar snapshot fixture,clinical_assertion,0.84
VCV_PTEN_M1I,P60484,PTEN_HUMAN,A,1,M,I,benign,criteria_provided_single_submitter,train,ClinVar snapshot fixture,clinical_assertion,0.74
VCV_PTEN_G8S,P60484,PTEN_HUMAN,A,8,G,S,benign,criteria_provided_single_submitter,test,ClinVar snapshot fixture,clinical_assertion,0.71
