"source_name","source_type","version","snapshot_date","retrieval_date","source_url","citation","license_note","file_path","checksum","row_count"
"UniProt","protein_metadata","evidence-enriched-2026-06","2026-06-12","2026-06-12","https://www.uniprot.org/uniprotkb/","UniProtKB entries P04637 P38398 P60484 P00533 P04626 P01116 P31749 P15056","UniProt terms apply; compact attribution-preserving fixture","data/snapshots/v1.4_evidence/raw/uniprot_proteins.csv","de21cfb91396b269b9fc9e00316b24c5a812b1f7d8fc01dbe521afbf3fada044","8"
"TrustProtKG","protein_family_metadata","evidence-enriched-2026-06","2026-06-12","2026-06-12","data/snapshots/v1.4_evidence/raw/protein_families.csv","Curated TrustProtKG family labels for v1.4 fixtures","Project documentation fixture","data/snapshots/v1.4_evidence/raw/protein_families.csv","9650eefb270e44a07eaa5aa26f339f8716096bbe6e1a60aa4f437fc9856d85b0","4"
"AlphaFold DB","structure_index","evidence-enriched-2026-06","2026-06-12","2026-06-12","https://alphafold.ebi.ac.uk/","AlphaFold DB entries P04637 P38398 P60484 P00533 P04626 P01116 P31749 P15056","AlphaFold DB terms apply; local compact PDB-style fragments","data/snapshots/v1.4_evidence/raw/alphafold_structures.csv","8e3cc5fa496814207a4e4248a60ca70dfbadab13f054767335ad3860c849a479","8"
"ClinVar","variant_assertions","evidence-enriched-2026-06","2026-06-12","2026-06-12","https://www.ncbi.nlm.nih.gov/clinvar/","ClinVar search records for selected TP53 BRCA1 PTEN EGFR ERBB2 KRAS AKT1 BRAF variants","Attribution to ClinVar requested; compact research fixture","data/snapshots/v1.4_evidence/raw/clinvar_variants.csv","96c78e02a2ee13cc539f800a179d3bbef250501f3c9f708f837c7acbc3ae0b45","24"
"Gene Ontology","go_annotations","evidence-enriched-2026-06","2026-06-12","2026-06-12","https://geneontology.org/","GO terms for selected v1.4 proteins","GO data terms apply; compact research fixture","data/snapshots/v1.4_evidence/raw/go_annotations.csv","0dcb5b894b03bb0ffae256168b4e61117a43a0ee96b6029e3e2cc55a0d9da1a7","16"
"InterPro","domains","evidence-enriched-2026-06","2026-06-12","2026-06-12","https://www.ebi.ac.uk/interpro/","InterPro protein pages for selected v1.4 proteins","InterPro EMBL-EBI terms apply; compact research fixture","data/snapshots/v1.4_evidence/raw/interpro_domains.csv","d61853569136f69e215b3cc2868fce084addc950e2e096d8f7c503bdb838e06e","12"
"Reactome","pathways","evidence-enriched-2026-06","2026-06-12","2026-06-12","https://reactome.org/","Reactome pathways for selected v1.4 proteins","Reactome terms apply; compact research fixture","data/snapshots/v1.4_evidence/raw/reactome_pathways.csv","da890783eabb9717c8867b108d282358d52545b99c6a106418a6828f3588ba31","8"
"MONDO/OMIM","disease_associations","evidence-enriched-2026-06","2026-06-12","2026-06-12","https://mondo.monarchinitiative.org/","MONDO-style disease identifiers for selected v1.4 proteins","Source-specific terms apply; compact research fixture","data/snapshots/v1.4_evidence/raw/disease_associations.csv","7970ecedba6a7f2b7b52c29926f252f90adb2c360137ac7490671971244479a1","8"
"AlphaFold DB","structure_file_tp53_real","evidence-enriched-2026-06","2026-06-12","2026-06-12","https://alphafold.ebi.ac.uk/entry/P04637","Compact PDB-style TP53 fragment for mapped residues","Local compact fragment with real residue numbering","data/snapshots/v1.4_evidence/structures/tp53_real_fragment.pdb","0e52da570a29e3b97e1c4f94921cdb1e2a2615dab2312bb7f6be836edae7640d","6"
"AlphaFold DB","structure_file_brca1_real","evidence-enriched-2026-06","2026-06-12","2026-06-12","https://alphafold.ebi.ac.uk/entry/P38398","Compact PDB-style BRCA1 fragment for mapped residues","Local compact fragment with real residue numbering","data/snapshots/v1.4_evidence/structures/brca1_real_fragment.pdb","acbefa4a57534d7846d72fc29f87707def916ae123b6de10c757055c0b768399","7"
"AlphaFold DB","structure_file_pten_real","evidence-enriched-2026-06","2026-06-12","2026-06-12","https://alphafold.ebi.ac.uk/entry/P60484","Compact PDB-style PTEN fragment for mapped residues","Local compact fragment with real residue numbering","data/snapshots/v1.4_evidence/structures/pten_real_fragment.pdb","9cc6536daeb72359ef4c86fe5f0e13f71b70f92e10535e018517cd5e630957e3","7"
"AlphaFold DB","structure_file_egfr_real","evidence-enriched-2026-06","2026-06-12","2026-06-12","https://alphafold.ebi.ac.uk/entry/P00533","Compact PDB-style EGFR fragment for mapped residues","Local compact fragment with real residue numbering","data/snapshots/v1.4_evidence/structures/egfr_real_fragment.pdb","6604dd16a916ba60760c24a906ebef721ad8f59ab749501b2f159ce2d41ca9b8","6"
"AlphaFold DB","structure_file_erbb2_real","evidence-enriched-2026-06","2026-06-12","2026-06-12","https://alphafold.ebi.ac.uk/entry/P04626","Compact PDB-style ERBB2 fragment for mapped residues","Local compact fragment with real residue numbering","data/snapshots/v1.4_evidence/structures/erbb2_real_fragment.pdb","f71b073e4f665096ca9f765b5ba1a2612d6bd23d79eb8fdf840e0d2881d15526","6"
"AlphaFold DB","structure_file_kras_real","evidence-enriched-2026-06","2026-06-12","2026-06-12","https://alphafold.ebi.ac.uk/entry/P01116","Compact PDB-style KRAS fragment for mapped residues","Local compact fragment with real residue numbering","data/snapshots/v1.4_evidence/structures/kras_real_fragment.pdb","e7bec103cff0342e0496a52c9966bb7d2b8ab7dc896672f4848d7812590c6b5d","6"
"AlphaFold DB","structure_file_akt1_real","evidence-enriched-2026-06","2026-06-12","2026-06-12","https://alphafold.ebi.ac.uk/entry/P31749","Compact PDB-style AKT1 fragment for mapped residues","Local compact fragment with real residue numbering","data/snapshots/v1.4_evidence/structures/akt1_real_fragment.pdb","b270b303d8312cab5b0e211023e050f2be3ebfaceb1f4582d3f97252bdf16422","6"
"AlphaFold DB","structure_file_braf_real","evidence-enriched-2026-06","2026-06-12","2026-06-12","https://alphafold.ebi.ac.uk/entry/P15056","Compact PDB-style BRAF fragment for mapped residues","Local compact fragment with real residue numbering","data/snapshots/v1.4_evidence/structures/braf_real_fragment.pdb","a3dc73925426c852c453bb937a3bede1d0c4b7fbc52264c5b28e376b7fdf9a7e","6"
"TrustProtKG","source_documentation","evidence-enriched-2026-06","2026-06-12","2026-06-12","data/snapshots/v1.4_evidence/SOURCE_DOCUMENTATION.md","Source documentation for v1.4 evidence-enriched real-derived pack","Project documentation fixture","data/snapshots/v1.4_evidence/SOURCE_DOCUMENTATION.md","e33a5e97417753c2158296db52e59bf4c046d5c29f1f211ed0f6784e12e3b0df","39"
